Workbook

Sheet Giao_dich
A1: Mã giao dịch | B1: Mã người dùng | C1: Số tiền (VND) | D1: Ngày giao dịch | E1: Trạng thái | F1: Mã người dùng sạch | G1: Tên người dùng (VLOOKUP) | H1: Phí đối tác (VND) | I1: Tiền thực nhận (VND)
A2: TX001 | B2: U001 | C2: 150000 | D2: 2026-10-01 | E2: Thành công | F2: =TRIM(B2) | G2: =IFERROR(VLOOKUP(F2,Danh_muc!$A$2:$B$6,2,FALSE),"Không tìm thấy") | H2: 1500 | I2: =C2-H2
A3: TX002 | B3: U002 | C3: 80000 | D3: 2026-10-02 | E3: Thành công | F3: =TRIM(B3) | G3: =IFERROR(VLOOKUP(F3,Danh_muc!$A$2:$B$6,2,FALSE),"Không tìm thấy") | H3: 800 | I3: =C3-H3
A4: TX003 | B4: U003 | C4: 250000 | D4: 2026-10-03 | E4: Thành công | F4: =TRIM(B4) | G4: =IFERROR(VLOOKUP(F4,Danh_muc!$A$2:$B$6,2,FALSE),"Không tìm thấy") | H4: 2500 | I4: =C4-H4
A5: TX004 | B5: U004 | C5: 120000 | D5: 2026-10-04 | E5: Đang xử lý | F5: =TRIM(B5) | G5: =IFERROR(VLOOKUP(F5,Danh_muc!$A$2:$B$6,2,FALSE),"Không tìm thấy") | H5: 1200 | I5: =C5-H5
A6: TX005 | B6: U001 | C6: 50000 | D6: 2026-10-05 | E6: Thành công | F6: =TRIM(B6) | G6: =IFERROR(VLOOKUP(F6,Danh_muc!$A$2:$B$6,2,FALSE),"Không tìm thấy") | H6: 500 | I6: =C6-H6
A7: TX006 | B7: U005 | C7: 300000 | D7: 2026-10-06 | E7: Thành công | F7: =TRIM(B7) | G7: =IFERROR(VLOOKUP(F7,Danh_muc!$A$2:$B$6,2,FALSE),"Không tìm thấy") | H7: 3000 | I7: =C7-H7
A8: TX007 | B8: U002 | C8: 95000 | D8: 2026-10-07 | E8: Thành công | F8: =TRIM(B8) | G8: =IFERROR(VLOOKUP(F8,Danh_muc!$A$2:$B$6,2,FALSE),"Không tìm thấy") | H8: 950 | I8: =C8-H8
A9: TX008 | B9: U003 | C9: 175000 | D9: 2026-10-08 | E9: Thành công | F9: =TRIM(B9) | G9: =IFERROR(VLOOKUP(F9,Danh_muc!$A$2:$B$6,2,FALSE),"Không tìm thấy") | H9: 1750 | I9: =C9-H9
A10: TX009 | B10: U004 | C10: 65000 | D10: 2026-10-09 | E10: Thất bại | F10: =TRIM(B10) | G10: =IFERROR(VLOOKUP(F10,Danh_muc!$A$2:$B$6,2,FALSE),"Không tìm thấy") | H10: 0 | I10: =C10-H10
A11: TX010 | B11: U005 | C11: 210000 | D11: 2026-10-10 | E11: Thành công | F11: =TRIM(B11) | G11: =IFERROR(VLOOKUP(F11,Danh_muc!$A$2:$B$6,2,FALSE),"Không tìm thấy") | H11: 2100 | I11: =C11-H11

Sheet Danh_muc
A1: Mã người dùng | B1: Tên người dùng
A2: U001 | B2: Nguyễn Minh Anh
A3: U002 | B3: Trần Gia Bảo
A4: U003 | B4: Lê Hoàng Phúc
A5: U004 | B5: Phạm Khánh Linh
A6: U005 | B6: Võ Nhật Nam

Sheet Tong_hop_phi
A1: Chỉ tiêu | B1: Giá trị
A2: Tổng giá trị giao dịch | B2: =SUM(Giao_dich!C2:C11)
A3: Tổng phí đối tác | B3: =SUM(Giao_dich!H2:H11)
A4: Tiền thực nhận sau phí | B4: =SUM(Giao_dich!I2:I11)
A5: Số giao dịch thành công | B5: =COUNTIF(Giao_dich!E2:E11,"Thành công")
A6: Lưu ý | B6: Số liệu minh họa phục vụ bài tập; cần thay bằng dữ liệu đối tác thực tế.
